proyecto_id;proyecto_fuente;titulo;fecha_inicio;fecha_finalizacion;resumen;moneda_id;monto_total_solicitado;monto_total_adjudicado;monto_financiado_solicitado;monto_financiado_adjudicado;tipo_proyecto_id;codigo_identificacion;palabras_clave;estado_id;fondo_anpcyt;cantidad_miembros_F;cantidad_miembros_M;sexo_director
8051;ANPCYT;Desarrollo a escala piloto de liposomas de verteporfina;2008/11/05 00:00:00.000;2012/12/21 00:00:00.000;No publicable;1;384996.5;464959.37;190318.85;190318.65;6;ANR 600 CB 001/06;;1;FONTAR;;;M
8052;ANPCYT;Desarrollo de tecnología de cultivo de células madre de folículo piloso para principios activos aplicables en prácticas de implante capilar y fortalecimiento del cabello;2008/11/12 00:00:00.000;2012/12/28 00:00:00.000;No publicable;1;663677.72;623177.72;329400.0;300900.0;6;ANR 600 NA 352/06;;1;FONTAR;;;F
8053;ANPCYT;Desarrollo de un Sistema de Administración Transdermal de Selegilina genérico al producto EMSAM.;2008/01/10 00:00:00.000;2012/07/27 00:00:00.000;No publicable;1;1176264.0;924564.0;583830.0;392730.0;6;ANR 600 NA 208/06;;1;FONTAR;;;M
8061;ANPCYT;Desarrollo de un sistema de geoposicionamiento de alta presición en tiempo real;2008/09/24 00:00:00.000;2012/07/03 00:00:00.000;No publicable;1;241752.0;241752.0;117500.0;117500.0;6;ANR 600 CO 002/06;;1;FONTAR;;;M
8066;ANPCYT;Desarrollo de una plantación modelo de una nueva especie frutal denominada baby kiwi;2008/05/23 00:00:00.000;2011/04/01 00:00:00.000;No publicable;1;193600.0;177100.0;91800.0;83800.0;6;ANR 600 NA 029/06;;1;FONTAR;;;M
8070;ANPCYT;Desarrollo de ingeniería de procesos y producto para fabricación de hormonales segregados inyectables y puesta a punto de planta piloto para su fabricación.;2008/11/25 00:00:00.000;2009/06/26 00:00:00.000;No publicable;1;1440349.0;1333097.0;599999.9;419048.0;6;ANR 600 NA 358/06;;1;FONTAR;;;M
8073;ANPCYT;Desarrollo tecnológico de un prototipo de horno de proceso para la industria de petróleo y gas;2008/05/29 00:00:00.000;2010/01/15 00:00:00.000;No publicable;1;701765.0;702125.57;329615.0;325865.0;6;ANR 600 NA 136/06;;1;FONTAR;;;M
8076;ANPCYT;IDENTIFICACION, EVALUACION, SELECCIÓN Y MULTIPLICACION DE CLONES DE LA VARIEDAD MALBEC PARA EL MEJORAMIENTO CUALITATIVO DE LOS VINOS ARGENTINOS.;2008/01/10 00:00:00.000;2011/04/08 00:00:00.000;No publicable;1;268280.74;268280.74;113840.0;113840.0;6;ANR 600 NA 195/06;;1;FONTAR;;;M
8079;ANPCYT;Desarrollo de sistema integral de comunicaciones ip;2008/01/24 00:00:00.000;2009/01/27 00:00:00.000;No publicable;1;309497.44;309497.44;144864.74;130929.24;6;ANR 600 NA 319/06;;1;FONTAR;;;M
8081;ANPCYT;Desarrollo de un equipo semirremolque batea con caja de vuelco trasero, adaptable para transporte de áridos, barros y/o cereales, mediante la utilización de nuevos componentes y sistemas de conformado;2008/01/18 00:00:00.000;2009/07/08 00:00:00.000;No publicable;1;225787.2;225787.2;112234.0;112234.0;6;ANR 600 NA 250/06;;1;FONTAR;;;S/D
8084;ANPCYT;Producción de Software con Nueva Metodología para la Generación de Aplicaciones OO - Segunda Etapa;2008/07/02 00:00:00.000;2009/12/04 00:00:00.000;No publicable;1;295630.0;287730.0;145715.0;142265.0;6;ANR 600 NA 292/06;;1;FONTAR;;;M
8085;ANPCYT;Obtención de biopéptidos de la leche mediante nuevas tecnologías;2008/04/30 00:00:00.000;2011/08/12 00:00:00.000;No publicable;1;1084400.1;990400.1;536555.08;466055.08;6;ANR 600 SF 030/06;;1;FONTAR;;;S/D
8089;ANPCYT;Desarrollo de un sistema integral de gestión para proyectos de ingeniería para refinerías de petróleo;2008/09/01 00:00:00.000;2012/04/27 00:00:00.000;No publicable;1;275500.0;268700.0;134350.0;128910.0;6;ANR 600 ME 024/06;;1;FONTAR;;;M
8094;ANPCYT;Optimización del diseño de un prototipo de recolección de uva con generación de conocimiento aplicables a una solución tecnológica;2008/07/31 00:00:00.000;2010/01/08 00:00:00.000;No publicable;1;172976.0;158376.0;86358.0;72858.0;6;ANR 600 NA 239/06;;1;FONTAR;;;S/D
8095;ANPCYT;Desarrollos tecnológicos innovadores, en equipos de proceso y en productos, en una tradicional fábrica de cuchillos profesionales y deportivos.;2008/08/11 00:00:00.000;2010/04/23 00:00:00.000;No publicable;1;886604.8;61199.0;440790.0;30500.0;6;ANR 600 BA 003/06;;1;FONTAR;;;M
8096;ANPCYT;Diseño y fabricación de todo el equipamiento necesario para planta elaboradora de almidón de mandioca para una capacidad de 1.000 Kg de raíces/día.;2008/06/24 00:00:00.000;2010/02/23 00:00:00.000;No publicable;1;109187.5;109187.5;53300.0;53300.0;6;ANR 600 SF 031/06;;1;FONTAR;;;M
8100;ANPCYT;Prototipo de alambrado eléctrico móvil para ganadería.;2008/09/09 00:00:00.000;2010/08/27 00:00:00.000;No publicable;1;126400.0;126400.0;63150.0;63150.0;6;ANR 600 NA 443/06;;1;FONTAR;;;M
8101;ANPCYT;Transmisión y análisis de la información espacial de producción agrícola en tiempo real para el manejo preciso de insumos y el control de las labores;2008/06/10 00:00:00.000;2009/10/09 00:00:00.000;No publicable;1;540000.0;444700.0;270000.0;218000.0;6;ANR 600 NA 368/06;;1;FONTAR;;;M
8102;ANPCYT;Desarrollo de prototipo de electrobisturí de corte y coagulación precisa, a baja potencia.;2008/08/15 00:00:00.000;2012/09/28 00:00:00.000;No publicable;1;110165.0;110165.0;49687.5;49687.5;6;ANR 600 NA 413/06;;1;FONTAR;;;M
8103;ANPCYT;Desarrollo de un espirómetro, que combina las prestaciones de espirometría, con estudios simplificados del sueño.;2008/08/15 00:00:00.000;2012/10/05 00:00:00.000;No publicable;1;139445.0;139445.0;69460.0;69460.0;6;ANR 600 NA 412/06;;1;FONTAR;;;M
8107;ANPCYT;Desarrollo y puesta en régimen de prototipo de conformadora de tubos integrada con cortadora a medida para tubos de diámetros pequeños;2008/01/09 00:00:00.000;2012/06/01 00:00:00.000;No publicable;1;614248.0;605368.0;289841.5;281791.5;6;ANR 600 NA 279/06;;1;FONTAR;;;M
8108;ANPCYT;Empresa de investigación y desarrollo de aditivos para alimentación animal y Humana;2008/10/23 00:00:00.000;2013/02/15 00:00:00.000;No publicable;1;1093402.5;816190.55;540456.5;406856.56;6;ANR 600 NA 455/06;;1;FONTAR;;;M
8113;ANPCYT;Diseño y desarrollo de nueva blisteadora.;2008/02/15 00:00:00.000;2009/10/16 00:00:00.000;No publicable;1;333528.0;321528.0;166764.0;112250.0;6;ANR 600 NA 372/06;;1;FONTAR;;;M
8115;ANPCYT;Primer diseño y desarrollo argentino de máquinas rectificadoras;2008/05/26 00:00:00.000;2010/08/13 00:00:00.000;No publicable;1;861905.2;861905.2;408370.0;408370.0;6;ANR 600 NA 313/06;;1;FONTAR;;;M
8124;ANPCYT;Desarrollo de Ofuscador de Código Intermedio para .NET;2008/09/30 00:00:00.000;2011/09/30 00:00:00.000;No publicable;1;116400.0;116400.0;49630.0;45430.0;6;ANR 600 NE 001/06;;1;FONTAR;;;M
8134;ANPCYT;Syncrum;2008/06/30 00:00:00.000;2010/09/24 00:00:00.000;No publicable;1;1202950.0;871970.0;600000.0;435966.6;6;ANR 600 NA 384/06;;1;FONTAR;;;S/D
8136;ANPCYT;Desarrollo y optimización del proceso de producción de aditivo natural para nutrición animal;2008/09/02 00:00:00.000;2011/05/27 00:00:00.000;No publicable;1;523562.8;523562.8;255800.0;255800.0;6;ANR 600 NA 298/06;;1;FONTAR;;;M
8137;ANPCYT;Obtención de eventos de Maíz con Resistencia al Virus de Mal de Río Cuarto (MRCV);2008/11/13 00:00:00.000;2011/05/06 00:00:00.000;No publicable;1;443930.0;345480.0;211925.0;115000.0;6;ANR 600 NA 393/06;;1;FONTAR;;;M
8138;ANPCYT;Obtención y caracterización de líneas de maíz con tolerancia incrementada a sequía y salinidad mediante modificación genética;2008/11/13 00:00:00.000;2011/11/18 00:00:00.000;No publicable;1;411880.0;404680.0;203450.0;202340.0;6;ANR 600 NA 394/06;;1;FONTAR;;;M
8141;ANPCYT;Investigación, desarrollo y pruebas de eficacia de tres nuevos antiparasitarios;2008/09/10 00:00:00.000;2011/09/30 00:00:00.000;No publicable;1;1014972.0;474398.0;478385.0;228385.0;6;ANR 600 NA 050/06;;1;FONTAR;;;M
8142;ANPCYT;Desarrollo de nuevas vacunas mediante tecnología de ADN recombinante para la prevención la hidatidosis ovina y bovina;2008/08/12 00:00:00.000;2012/06/29 00:00:00.000;No publicable;1;636651.58;636651.58;314990.0;314990.0;6;ANR 600 NA 378/06;;1;FONTAR;;;F
8144;ANPCYT;Desarrollo de bactericidas inhibidores de olor compatible con envases hidrosolubles y su tecnología de envasamiento para uso en baños químicos.;2008/01/07 00:00:00.000;2010/10/06 00:00:00.000;No publicable;1;295625.14;230825.2;141475.2;95687.6;6;ANR 600 NA 024/06;;1;FONTAR;;;M
8145;ANPCYT;Desarrollo de dos familias de válvulas para control automático con sus equipos de tratamiento de aire y desarrollo e implementación de las líneas piloto de producción y testeo;2008/06/10 00:00:00.000;2010/12/28 00:00:00.000;No publicable;1;1093053.78;752600.03;515238.0;261526.0;6;ANR 600 NA 409/06;;1;FONTAR;;;M
8147;ANPCYT;DESARROLLO DE UNA SEMBRADORA AUTOTRANSPORTADA DE 9 METROS DE LABOR;2008/02/29 00:00:00.000;2010/08/27 00:00:00.000;No publicable;1;239658.0;239658.0;119410.0;119410.0;6;ANR 600 NA 245/06;;1;FONTAR;;;M
8148;ANPCYT;Obtención no invasiva continua del grado de saturación funcional de oxígeno en la hemoglobina arterial (spo2) y frecuencia cardiaca. Desarrollo de un módulo OEM.;2008/05/27 00:00:00.000;2010/11/18 00:00:00.000;No publicable;1;288100.0;288100.0;141900.0;141900.0;6;ANR 600 NA 179/06;;1;FONTAR;;;S/D
8150;ANPCYT;Generador diatermia por microondas;2008/08/28 00:00:00.000;2011/09/09 00:00:00.000;No publicable;1;258030.0;258030.0;118655.0;118655.0;6;ANR 600 NA 017/06;;1;FONTAR;;;M
8152;ANPCYT;SLING PERCUTANEO para el tratamiento de la incontinencia urinaria femenina.;2008/01/09 00:00:00.000;2009/03/20 00:00:00.000;No publicable;1;695670.11;695670.11;340609.61;333927.52;6;ANR 600 NA 085/06;;1;FONTAR;;;M
8156;ANPCYT;Construcción de Holter de arritmias con display gráfico y software de análisis e interpretación de señal;2008/07/02 00:00:00.000;2009/08/14 00:00:00.000;No publicable;1;197441.0;197441.0;93600.0;93600.0;6;ANR 600 NA 323/06;;1;FONTAR;;;M
8158;ANPCYT;Desarrollo y Construcción de Prototipo de Máquina de medición y Testeo de Ruidos automáticos en Engranajes de Cajas de Cambio;2008/11/05 00:00:00.000;2011/07/22 00:00:00.000;No publicable;1;1281634.0;1070674.0;585060.0;374100.0;6;ANR 600 CO 020/06;;1;FONTAR;;;M
8161;ANPCYT;Fabricación de pistones forjados para el uso en vehículos de competición o altas prestaciones;2008/06/30 00:00:00.000;2012/11/09 00:00:00.000;No publicable;1;1145979.33;1145979.33;570869.33;497699.33;6;ANR 600 NA 387/06;;1;FONTAR;;;M
8169;ANPCYT;Laboratorio piloto para el diseño y desarrollo de un prototipo de monitor multiparamétrico, para ser utilizado en cirugía, terapia intensiva, servicios de hemodinamia, anestesia e internación.;2008/01/15 00:00:00.000;2010/07/23 00:00:00.000;No publicable;1;186230.16;186229.98;93000.0;93000.0;6;ANR 600 ER 003/06;;1;FONTAR;;;M
8171;ANPCYT;Desarrollo de vacunas inmunomoduladoras;2008/06/24 00:00:00.000;2010/09/09 00:00:00.000;No publicable;1;335360.0;323360.0;161140.0;161140.0;6;ANR 600 NA 125/06;;1;FONTAR;;;M
8174;ANPCYT;Desarrollo de un sistema neumático inteligente para la siembra de parcelas;2008/09/09 00:00:00.000;2009/11/06 00:00:00.000;No publicable;1;155568.0;155568.0;72283.99;72283.99;6;ANR 600 SF 025/06;;1;FONTAR;;;S/D
8175;ANPCYT;Desarrollo de un nuevo modelo de sembradora con sistema auto trailer con distancia de siembra a 35 cm., novedoso sistema de levante y de nivelación del tren de siembra;2008/07/14 00:00:00.000;2010/03/12 00:00:00.000;No publicable;1;302640.0;302640.0;151216.0;122156.0;6;ANR 600 NA 232/06;;1;FONTAR;;;F
8178;ANPCYT;Desarrollo de una rotoenfardadora con innovaciones tecnológicas;2008/01/31 00:00:00.000;2009/05/22 00:00:00.000;No publicable;1;232269.0;232269.0;115988.0;115988.0;6;ANR 600 NA 009/06;;1;FONTAR;;;M
8179;ANPCYT;Desarrollo de una planta de alimento balanceado a escala de prototipo, para hacienda con control electrónico central para una capacidad de 6 toneladas / horas;2008/09/24 00:00:00.000;2010/05/15 00:00:00.000;No publicable;1;96955.0;96955.0;47750.0;47750.0;6;ANR 600 NA 248/06;;1;FONTAR;;;M
8181;ANPCYT;Desarrollo de una Sembradora - Fertilizadora multipropósito para Semillas Finas (Trigo, Gramíneas, Pasturas, etc.) y Soja, adaptable a todo tipo de terreno y con tecnología de punta.;2008/06/24 00:00:00.000;2009/07/17 00:00:00.000;No publicable;1;261156.0;261156.0;125868.0;103680.0;6;ANR 600 NA 234/06;;1;FONTAR;;;S/D
8182;ANPCYT;Diseño y desarrollo de un pulverizador autopropulsado con una metodología conceptual y estructuralmente innovativa de i&d, al alcance del pequeño y mediano productor;2008/06/18 00:00:00.000;2012/02/17 00:00:00.000;No publicable;1;491950.8;412136.6;235279.0;189496.0;6;ANR 600 NA 236/06;;1;FONTAR;;;S/D
8184;ANPCYT;Desarrollo de un prototipo comedero inteligente para animales;2008/01/31 00:00:00.000;2013/01/04 00:00:00.000;No publicable;1;132242.0;132242.0;66090.0;66090.0;6;ANR 600 SF 024/06;;1;FONTAR;;;M
8186;ANPCYT;DESARROLLO DE UN PROTOTIPO DE SILO COLGADO CON INNOVACIONES TECNOLOFICAS ( incorporacion del sistema de pesaje) QUE LE DARA VENTAJAS APRECIABLES FRENTE A LA COMPETENCIA;2008/06/25 00:00:00.000;2012/07/06 00:00:00.000;No publicable;1;296533.0;207732.0;148230.0;95370.0;6;ANR 600 NA 008/06;;1;FONTAR;;;M
8190;ANPCYT;Desarrollo de un prototipo de sembradora tipo air drill con características innovadoras que optimizarán el desempeño agronómico;2008/05/13 00:00:00.000;2011/10/28 00:00:00.000;No publicable;1;576115.0;527815.0;287689.0;247189.0;6;ANR 600 NA 231/06;;1;FONTAR;;;M
8191;ANPCYT;CONJUNTO HIDRAHLICO ELECTRICAMENTE ASISTIDO - Barra de pulverización accionada por cilindros hidrahulicos, comandada por una válvula que permita por accionamiento eléctrico cubrir todas las posiciones de apertura  y cierre sincronizada, desde un tablero electrico colocado en en la cabina del tractor.;2008/12/17 00:00:00.000;2010/12/10 00:00:00.000;No publicable;1;468734.0;257174.0;224360.0;118580.0;6;ANR 600 NA 051/06;;1;FONTAR;;;M
8192;ANPCYT;Maquina cosechadora de ciruelas;2008/07/11 00:00:00.000;2010/07/23 00:00:00.000;No publicable;1;195178.0;157916.9;97589.0;75388.95;6;ANR 600 ME 016/06;;1;FONTAR;;;M
8194;ANPCYT;Desarrollo de un conjunto dosificador mecánico y neumático para la siembra monograno de soja, trigo y otras especies con transporte neumático para semilla y fertilizante;2008/06/30 00:00:00.000;2011/10/28 00:00:00.000;No publicable;1;417414.0;393054.0;207930.0;147610.0;6;ANR 600 NA 247/06;;1;FONTAR;;;M
8200;ANPCYT;Dinamómetro electrónico;2008/04/17 00:00:00.000;2008/08/29 00:00:00.000;No publicable;1;257573.36;247361.44;99360.0;83240.0;6;ANR 600 NA 332/06;;1;FONTAR;;;F
8206;ANPCYT;Desarrollo de suplementos nutricionales naturales para alimentación animal a base de harina de soja biotransformada con bacterias ácido lácticas.;2008/08/06 00:00:00.000;2011/04/29 00:00:00.000;No publicable;1;818700.0;730500.02;409310.0;365210.0;6;ANR 600 NA 110/06;;1;FONTAR;;;M
8209;ANPCYT;Desarrollo de un prototipo de sembradora modular de granos finos, adaptable a granos gruesos y pasturas con innovadora articulación entre módulos y lanza de trabajo plegable hidráulicamente.;2008/06/21 00:00:00.000;2009/08/21 00:00:00.000;No publicable;1;300356.0;300356.0;149936.0;120876.0;6;ANR 600 NA 242/06;;1;FONTAR;;;M
8210;ANPCYT;Desarrollo de una sembradora de granos finos y gruesos con sistema de dosificación de alta precisión y mínima distancia entre líneas de siembra;2008/07/30 00:00:00.000;2010/12/03 00:00:00.000;No publicable;1;535482.9;520982.9;257233.0;138945.0;6;ANR 600 SF 023/06;;1;FONTAR;;;M
8214;ANPCYT;Indicadores digitales de peso antiexplosivos;2008/04/17 00:00:00.000;2008/10/17 00:00:00.000;No publicable;1;333440.8;299260.8;123333.0;112603.0;6;ANR 600 NA 189/06;;1;FONTAR;;;S/D
8215;ANPCYT;Monitor de pesaje on-board con comunicación de datos inalámbrica vía web.;2008/12/10 00:00:00.000;2010/06/25 00:00:00.000;No publicable;1;358620.0;295440.0;178100.0;139900.0;6;ANR 600 NA 274/06;;1;FONTAR;;;M
8217;ANPCYT;Desarrollo de dispositivo indicador de posición de vástago.;2008/08/11 00:00:00.000;2010/07/30 00:00:00.000;No publicable;1;857232.59;798912.73;239040.0;217940.0;6;ANR 600 NA 363/06;;1;FONTAR;;;M
8218;ANPCYT;Máquina biseladora;2008/08/08 00:00:00.000;2009/01/09 00:00:00.000;No publicable;1;214125.62;214125.62;106397.59;106397.59;6;ANR 600 NA 019/06;;1;FONTAR;;;M
8219;ANPCYT;Desarrollo y fabricación de unidades de tratamiento de aire (uta), con sistema de control especifico;2008/06/27 00:00:00.000;2010/04/30 00:00:00.000;No publicable;1;294929.0;107638.0;147189.0;52898.0;6;ANR 600 NA 086/06;;1;FONTAR;;;M
8227;ANPCYT;Desarrollo y fabricación de equipos para fertilización sólida, de aplicación variable y georeferenciada, con modulo de comunicacion automática de datos;2008/11/26 00:00:00.000;2010/04/16 00:00:00.000;No publicable;1;708510.2;673510.2;349530.25;282358.45;6;ANR 600 NA 419/06;;1;FONTAR;;;M
8228;ANPCYT;Producción de Embriones Bovinos con sexo predeterminado;2008/07/04 00:00:00.000;2011/08/05 00:00:00.000;No publicable;1;1341608.0;834486.0;600000.0;359239.0;6;ANR 600 CO 009/06;;1;FONTAR;;;M
8230;ANPCYT;Ceres comercialización java;2008/02/05 00:00:00.000;2009/08/14 00:00:00.000;No publicable;1;224792.0;195492.0;106725.0;86225.0;6;ANR 600 NA 405/06;;1;FONTAR;;;M
8231;ANPCYT;Plataforma WEB de Gestión Integral de Micro Créditos y Capacitación.;2008/08/11 00:00:00.000;2010/05/21 00:00:00.000;No publicable;1;340000.0;340000.0;144500.0;144500.0;6;ANR 600 NA 380/06;;1;FONTAR;;;M
8235;ANPCYT;Herramienta de desarrollo Java prdv2;2008/08/14 00:00:00.000;2011/08/05 00:00:00.000;No publicable;1;156680.0;156680.0;74760.0;74760.0;6;ANR 600 NA 401/06;;1;FONTAR;;;M
8239;ANPCYT;Desarrollo de un sistema de punzado con actualización y mejora tecnológica de cañones y sus accesorios para la industria del petróleo y gas.;2008/09/22 00:00:00.000;2010/04/09 00:00:00.000;No publicable;1;763080.0;579892.5;284000.0;211000.0;6;ANR 600 ME 018/06;;1;FONTAR;;;M
8241;ANPCYT;Desarrollo de equipo de refrigeración impulsado por motor a combustión para uso en conteiner y semiremolques;2008/05/21 00:00:00.000;2011/07/22 00:00:00.000;No publicable;1;117635.0;115365.0;58660.0;54750.0;6;ANR 600 SF 032/06;;1;FONTAR;;;M
8245;ANPCYT;Máquina grabadora;2008/08/08 00:00:00.000;2008/12/05 00:00:00.000;No publicable;1;106391.61;106391.61;53062.32;53062.32;6;ANR 600 NA 020/06;;1;FONTAR;;;M
8246;ANPCYT;Desarrollo de máquina automática dobladora de tubos con y sin costura de hasta 1 1/4' y 2 mm de espesor.;2008/03/26 00:00:00.000;2010/10/22 00:00:00.000;No publicable;1;173870.0;173870.0;84970.0;84970.0;6;ANR 600 NA 464/06;;1;FONTAR;;;M
8251;ANPCYT;Investigación y Desarrollo de un nuevo producto, azúcar integral con destino exportación;2008/06/26 00:00:00.000;2009/12/30 00:00:00.000;No publicable;1;872850.0;658900.0;435500.0;319500.0;6;ANR 600 TU 015/06;;1;FONTAR;;;M
8259;ANPCYT;Xcontent .NET: desarrollo de una nueva plataforma para la administración y gestión de documentos digitales y el desarrollo de innovadoras herramientas asociadas.;2008/07/04 00:00:00.000;2011/02/18 00:00:00.000;No publicable;1;698536.66;698536.66;349267.93;349267.93;6;ANR 600 NA 416/06;;1;FONTAR;;;M
8263;ANPCYT;Ampliación y Mejoras de las Funcionalidades de la Solución Tecnológica Integral 'AFM - Web File Manager;2008/05/27 00:00:00.000;2009/01/23 00:00:00.000;No publicable;1;198387.0;198387.0;96340.0;96340.0;6;ANR 600 NA 003/06;;1;FONTAR;;;M
8264;ANPCYT;Desarrollo sistema integral de factoring net;2008/07/01 00:00:00.000;2011/05/13 00:00:00.000;No publicable;1;1320850.0;1293250.0;600000.0;600000.0;6;ANR 600 NA 099/06;;1;FONTAR;;;F
8265;ANPCYT;Actualización y mejora tecnológica de mandriles y válvulas para la industria del petróleo y gas.;2008/09/22 00:00:00.000;2010/05/14 00:00:00.000;No publicable;1;633730.0;539895.0;243100.0;208600.0;6;ANR 600 ME 019/06;;1;FONTAR;;;M
8266;ANPCYT;Fabricación de cerraduras electromecánicas de embutir y de aplicar con apertura electrónica;2008/11/04 00:00:00.000;2013/03/15 00:00:00.000;No publicable;1;1262139.65;1126951.65;599300.0;529300.0;6;ANR 600 NA 381/06;;1;FONTAR;;;M
8269;ANPCYT;Diseño y construcción de un prototipo de Prensa Pelletera de Alta Producción con Pre-acondicionador de Tres Pasos.;2008/08/21 00:00:00.000;2010/06/25 00:00:00.000;No publicable;1;820464.0;768906.0;375919.0;253452.8;6;ANR 600 SF 038/06;;1;FONTAR;;;M
8270;ANPCYT;Máquina Mecanizadora de Extremos;2008/08/08 00:00:00.000;2009/01/09 00:00:00.000;No publicable;1;192470.95;192470.95;95099.35;95099.35;6;ANR 600 NA 021/06;;1;FONTAR;;;M
8274;ANPCYT;Desarrollo de un Dispositivo Electrónico de Control Autónomo 'DECA', para su aplicación a maquinarias agrícolas precisas.;2008/01/21 00:00:00.000;2009/08/14 00:00:00.000;No publicable;1;335311.14;281348.3;165453.5;113253.5;6;ANR 600 NA 237/06;;1;FONTAR;;;M
8277;ANPCYT;Tecnificación de procesos de manufactura en tomacorrientes domiciliarios;2008/06/11 00:00:00.000;2009/06/05 00:00:00.000;No publicable;1;268456.73;268456.73;120121.39;85927.0;6;ANR 600 NA 261/06;;1;FONTAR;;;M
8279;ANPCYT;Critherra - herramientas asistentes para desarrollos web;2008/08/02 00:00:00.000;2009/07/17 00:00:00.000;No publicable;1;630615.0;594615.0;313200.0;277200.0;6;ANR 600 NA 182/06;;1;FONTAR;;;M
8280;ANPCYT;Document payment lifecycle: desarrollo de un innovador sistema de gestión de facturas de terceros.;2008/07/04 00:00:00.000;2009/09/11 00:00:00.000;No publicable;1;331423.68;245523.68;165711.84;122761.0;6;ANR 600 NA 417/06;;1;FONTAR;;;M
8282;ANPCYT;Ceres producción java.;2008/02/05 00:00:00.000;2008/11/21 00:00:00.000;No publicable;1;210930.0;190630.0;104500.0;95000.0;6;ANR 600 NA 408/06;;1;FONTAR;;;M
8284;ANPCYT;Software Mantenimiento de Activos Empresariales (EAM) para Formaciones Ferroviarias;2008/06/05 00:00:00.000;2010/02/26 00:00:00.000;No publicable;1;277051.6;274460.0;136250.0;136250.0;6;ANR 600 NA 046/06;;1;FONTAR;;;M
8286;ANPCYT;Desarrollo del producto (de software) 'Steel Manager';2008/10/07 00:00:00.000;2011/10/21 00:00:00.000;No publicable;1;419200.0;419200.0;209000.0;209000.0;6;ANR 600 NA 068/06;;1;FONTAR;;;M
8287;ANPCYT;Ceres maquinarias java;2008/02/05 00:00:00.000;2008/12/05 00:00:00.000;No publicable;1;153535.0;124235.0;76725.0;54225.0;6;ANR 600 NA 407/06;;1;FONTAR;;;M
8288;ANPCYT;Desarrollo de un sistema de autorización, derivación y efectivizacion on line de prestaciones medicas;2008/07/07 00:00:00.000;2010/08/27 00:00:00.000;No publicable;1;423392.3;423392.3;202441.5;202441.5;6;ANR 600 NA 192/06;;1;FONTAR;;;M
8291;ANPCYT;Financial service bus;2008/06/12 00:00:00.000;2009/02/20 00:00:00.000;No publicable;1;989578.0;941578.0;493542.9;468542.9;6;ANR 600 NA 155/06;;1;FONTAR;;;M
8292;ANPCYT;Desarrollo de un sistema integrado, para ensayos de válvulas bajo fuego.;2008/08/11 00:00:00.000;2010/06/11 00:00:00.000;No publicable;1;878265.67;771645.81;262313.0;217063.0;6;ANR 600 NA 362/06;;1;FONTAR;;;M
8295;ANPCYT;Desarrollo de una máquina electromecánica apiladora y dispensadora de chapas industriales, disminuyendo  riesgos laborales y  mejorando tiempos de almacenamiento  asociados a la incorporación de la materia prima a la línea de producción.;2008/05/30 00:00:00.000;2011/05/06 00:00:00.000;No publicable;1;441000.4;441000.4;219324.0;219324.0;6;ANR 600 SF 017/06;;1;FONTAR;;;M
8296;ANPCYT;Desarrollo Innovador de Línea para Pelado de Frutos Secos;2008/09/03 00:00:00.000;2011/05/27 00:00:00.000;No publicable;1;151136.9;151136.7;75446.7;42513.7;6;ANR 600 ME 004/06;;1;FONTAR;;;M
8312;ANPCYT;Optimización y escalado a planta piloto del proceso de producción de membranas de piel sustituta;2008/04/15 00:00:00.000;2011/12/16 00:00:00.000;No publicable;1;683485.8;701800.0;339200.0;339200.0;6;ANR 600 NA 269/06;;1;FONTAR;;;F
8313;ANPCYT;Optimización y escalado a planta piloto del proceso de producción de apósitos para la liberación programada de Ag;2008/04/15 00:00:00.000;2011/04/15 00:00:00.000;No publicable;1;457319.8;473471.6;226500.0;226500.0;6;ANR 600 NA 268/06;;1;FONTAR;;;F
8316;ANPCYT;Adecuación tecnológica de equipos de cosecha de caña de azúcar mediante el desarrollo de un sistema de media oruga a incorporar en la maquina cosechadora y la construcción de un carro autovolcable con neumáticos especiales para ampliar la época de cosecha;2008/04/16 00:00:00.000;2010/01/15 00:00:00.000;No publicable;1;1004048.22;802547.7;501391.22;336345.0;6;ANR 600 TU 012/06;;1;FONTAR;;;M
8317;ANPCYT;Rediseño e implementación del sistema de seguimiento y control del proceso productivo para la optimización del sector de inyección de piezas de aluminio;2008/08/28 00:00:00.000;2012/12/07 00:00:00.000;No publicable;1;606454.0;572854.0;297520.0;281120.0;6;ANR 600 NA 375/06;;1;FONTAR;;;M
8319;ANPCYT;Desarrollo tecnológico de sistemas de climatización industrial, que comprende un prototipo y la ingeniería de 6 sistemas, estandarizados y modulares;2008/09/12 00:00:00.000;2009/03/06 00:00:00.000;No publicable;1;147989.0;147989.0;73041.75;73041.75;6;ANR 600 BA 007/06;;1;FONTAR;;;M
8320;ANPCYT;Desarrollo de una volqueta para transporte de áridos innovativa, con el motivo de lograr aumentar las ventas en el mercado interno, pero especialmente para la inserción al mercado venezolano;2008/01/28 00:00:00.000;2011/12/02 00:00:00.000;No publicable;1;149060.0;149060.0;74270.0;74270.0;6;ANR 600 NA 235/06;;1;FONTAR;;;M
8322;ANPCYT;Diseño y desarrollo de un equipo innovador para el deshidratado de aceites lubricantes industriales;2008/06/12 00:00:00.000;2011/03/18 00:00:00.000;No publicable;1;262130.0;231530.0;115400.0;87600.0;6;ANR 600 NA 047/06;;1;FONTAR;;;M
8324;ANPCYT;Rediseño estratégico de los componentes de las estufas para innovar sobre el proceso productivo, mejorando la competitividad y eficiencia de la empresa.;2008/01/07 00:00:00.000;2008/12/12 00:00:00.000;No publicable;1;82345.0;82345.0;39020.0;39020.0;6;ANR 600 SF 016/06;;1;FONTAR;;;M
8325;ANPCYT;Desarrollo experimental a escala piloto de diferentes variedades de perales en el Valle Medio de Río Negro.;2008/06/12 00:00:00.000;2011/08/12 00:00:00.000;No publicable;1;1253562.0;925168.0;598212.5;431308.0;6;ANR 600 NA 218/06;;1;FONTAR;;;M
8326;ANPCYT;Programa piloto de introducción de vides para la producción de vinos de la variedad MALBEC, MERLOT, SYRAK, CAVERNET SAUVIGNON, CHARDONAY SAUVIGNON BLANC, y Tanat en los Departamentos de Paraná y Victoria de la Provincia de Entre Ríos. Bodega preparada para microvinificaciones para analizar la calidad enologica de los varietales y sus clones introducidos;2008/05/23 00:00:00.000;2012/10/29 00:00:00.000;No publicable;1;412397.0;280483.0;203088.0;127750.0;6;ANR 600 ER 008/06;;1;FONTAR;;;M
8327;ANPCYT;Desarrollo de un sistema de información sensorial de vinos;2008/02/06 00:00:00.000;2010/11/12 00:00:00.000;No publicable;1;142702.0;142701.97;66250.0;66250.0;6;ANR 600 ME 020/06;;1;FONTAR;;;M
8436;ANPCYT;Desarrollo de nuevo producto(Confidencial);2008/11/28 00:00:00.000;2009/06/09 00:00:00.000;No publicable;1;981988.0;981988.0;273500.0;273500.0;1;ANR 300 ER 008/05;;1;FONTAR;;;M
8455;ANPCYT;Sistema automatico de programación del transito urbano, con control de emergencias, deteccion de infracciones y paradas inteligentes del transporte publico utilizando redes de transito, posicion georeferencial y plataforma de comunicaciones GSM/GPRS;2008/11/06 00:00:00.000;2012/11/02 00:00:00.000;No publicable;1;664824.0;523664.0;320000.0;214100.0;1;ANR 600 SF022/08;;1;FONTAR;;;M
8480;ANPCYT;DESARROLLO DE UN SISTEMA DE MONITEREO Y CONTROL  A DISTANCIA DE PROCESOS ELECTROLÍTICOS INDUSTRIALES;2008/12/02 00:00:00.000;2012/07/20 00:00:00.000;No publicable;1;381920.0;277800.0;177500.0;134000.0;1;ANR 600 CO014/08;;1;FONTAR;;;M
8530;ANPCYT;Desarrollo de radioterapia de intensidad modulada (IMRT);2008/02/25 00:00:00.000;2012/04/13 00:00:00.000;No publicable;1;243204.0;243204.0;115382.0;115382.0;1;ANR 300 CO 021/05;;1;FONTAR;;;M
8561;ANPCYT;Máquina para Procesamiento y Clasificación de Rodillos de Pintura de Cuero Lanar Natural;2008/12/15 00:00:00.000;2011/10/28 00:00:00.000;No publicable;1;928864.0;928864.0;454400.0;454400.0;1;ANR 600 NA093/08;;1;FONTAR;;;M
8575;ANPCYT;Desarrollo de una solución integral para la administración remota de medidores de consumo eléctrico vía Internet, con comunicación bidireccional en tiempo real, que permita su parametrización y la gestión y control de toda la información suministrada por los mismos.;2008/10/28 00:00:00.000;2010/08/06 00:00:00.000;No publicable;1;336793.27;336793.27;104500.0;92500.0;1;ANR 600 NA046/08;;1;FONTAR;;;M
8579;ANPCYT;Desarrollo de un sistema administrador de la fuerza de trabajo integrado para Call Center;2008/10/29 00:00:00.000;2010/01/22 00:00:00.000;No publicable;1;537618.6;521429.08;262286.0;231096.48;1;ANR 600 NA251/08;;1;FONTAR;;;M
8722;ANPCYT;Diseño, Montaje y Puesta en marcha de un Equipo Multifunción de Alto Rendimiento para el Monitoreo del Estado de los pavimentos y las condiciones de Seguridad Vial;2008/12/16 00:00:00.000;2010/09/24 00:00:00.000;No publicable;1;789100.0;789100.0;394350.0;394350.0;1;ANR 600 NA132/08;;1;FONTAR;;;S/D
8849;ANPCYT;DESARROLLO DE PROTOTIPOS DE TANQUES CRIOGENICOS VERTICALES PARA CADA UNO DE LOS SIGUIENTES MODELOS: 900, 1500 Y 3000 GALONES;2008/12/10 00:00:00.000;2012/08/17 00:00:00.000;No publicable;1;1198615.08;938241.88;597962.29;410661.5;1;ANR 600 NA017/08;;1;FONTAR;;;M
8862;ANPCYT;DESARROLLO TECNOLOGICO DE UN NUEVO MODELO DE SECARROPAS CENTRIFUGO CON INNOVACIÓN A NIVEL MUNDIAL.;2008/12/15 00:00:00.000;2012/12/07 00:00:00.000;No publicable;1;407151.82;407151.82;203516.0;203516.0;1;ANR 600 SF033/08;;1;FONTAR;;;M
8878;ANPCYT;'Sistema Electrónico de Monitoreo Remoto para Detención Domiciliaria - SEMAD';2008/10/22 00:00:00.000;2009/09/18 00:00:00.000;No publicable;1;284216.24;254216.24;140000.0;125000.0;1;ANR 600 NA224/08;;1;FONTAR;;;M
8986;ANPCYT;Desarrollo de Equipo Indentador para determinar propiedades mecánicas en materiales metálicos;2008/12/11 00:00:00.000;2010/09/10 00:00:00.000;No publicable;1;186800.0;139150.0;74000.0;62000.0;1;ANR 600 NA121/08;;1;FONTAR;;;M
9003;ANPCYT;Desarrollo de una 'Grabadora de Conversaciones Telefónicas' para contact center, compatible y complementaria a la tecnología Avaya para este sector de actividad;2008/11/13 00:00:00.000;2010/03/12 00:00:00.000;No publicable;1;258700.0;258700.0;129000.0;129000.0;1;ANR 600 NA145/08;;1;FONTAR;;;M
9004;ANPCYT;Bio-OPTICAL PASS;2008/12/10 00:00:00.000;2012/07/27 00:00:00.000;No publicable;1;367890.0;367890.0;183490.0;183490.0;1;ANR 600 NA107/08;;1;FONTAR;;;M
9007;ANPCYT;Libro de Registro digital de documentos;2008/11/04 00:00:00.000;2010/07/08 00:00:00.000;No publicable;1;304846.84;304846.84;152165.1;152165.1;1;ANR 600 NA183/08;;1;FONTAR;;;M
9009;ANPCYT;DESARROLLO DE UNA SOLUCIÓN INTEGRAL PARA LA ADMINISTRACIÓN DE SINIESTROS DE INNOVACIÓN EN EL MERCADO NACIONAL .;2008/10/14 00:00:00.000;2010/03/12 00:00:00.000;No publicable;1;419768.6;353761.1;209807.41;175807.41;1;ANR 600 NA016/08;;1;FONTAR;;;M
9086;ANPCYT;Desarrollo de productos veterinarios biotecnológicos mediante la utilización de las IgY (Inmunoglobulinas de yema de huevo);2008/10/31 00:00:00.000;2012/07/13 00:00:00.000;No publicable;1;764393.98;764393.98;336008.0;336008.0;1;ANR 600 NA244/08;;1;FONTAR;;;M
9113;ANPCYT;DESARROLLO DE TECNOLOGIA DE PULTRUSION PARA  LA FABRICACION DE PERFILES ESTRUCTURALES;2008/12/10 00:00:00.000;2011/12/29 00:00:00.000;No publicable;1;605228.2;605228.2;302590.0;302590.0;1;ANR 600 NA034/08;;1;FONTAR;;;M
9132;ANPCYT;Desearrollo de equipo para polisomnografia ambulatoria;2008/12/09 00:00:00.000;2013/11/01 00:00:00.000;No publicable;1;351132.8;351132.8;174930.0;174930.0;1;ANR 600 NA114/08;;1;FONTAR;;;M
9170;ANPCYT;Balanza portatil para pesaje por ejes de vehiculos;2008/11/06 00:00:00.000;2009/06/19 00:00:00.000;No publicable;1;547850.0;547850.0;262645.0;262645.0;1;ANR 600 NA030/08;;1;FONTAR;;;F
9223;ANPCYT;Automatismo y Optimización de Procesos Industriales para Aserraderos de Misiones y Corrientes.;2008/03/20 00:00:00.000;2010/03/03 00:00:00.000;No publicable;1;295466.13;280466.4;143953.92;128953.92;1;ANR 200 FOR 001/07; ;1;FONTAR;;;M
9501;ANPCYT;ENVASADORA AUTOMATICA DE BIDONES DE 2 A 5 LT PARA PRODUCTOS VARIOS;2008/12/16 00:00:00.000;2009/12/11 00:00:00.000;No publicable;1;178168.0;175418.0;88838.0;87709.0;1;ANR 600 SF020/08;;1;FONTAR;;;M
9580;ANPCYT;Plataforma VAST (Video Ad Serving Technology);2008/11/27 00:00:00.000;2012/05/18 00:00:00.000;No publicable;1;155846.2;155846.2;77000.0;54000.0;1;ANR 600 CO027/08;;1;FONTAR;;;M
9581;ANPCYT;Solucion Integral para la Industria de Impresión Digital en Gran Formato;2008/11/20 00:00:00.000;2012/07/06 00:00:00.000;No publicable;1;313225.0;250900.0;153812.5;122012.5;1;ANR 600 NA190/08;;1;FONTAR;;;M
9599;ANPCYT;PROTOTITPO DE DESUERADORA PREPRENSA DE FONDO MÓVIL Y OPERACIÓN AUTOMATICA;2008/12/15 00:00:00.000;2009/06/05 00:00:00.000;No publicable;1;203217.8;203217.8;101328.77;101328.77;1;ANR 600 NA008/08;;1;FONTAR;;;S/D
9600;ANPCYT;Desarrollo de equipos innovadores para proceso de elaboración de vino;2008/12/03 00:00:00.000;2010/09/10 00:00:00.000;No publicable;1;199711.86;197794.57;98801.29;83366.29;1;ANR 600 ME012/08;;1;FONTAR;;;M
9615;ANPCYT;Secador de lecho fluido;2008/11/10 00:00:00.000;2010/12/17 00:00:00.000;No publicable;1;485280.0;460240.0;237700.0;227000.0;1;ANR 600 NA073/08;;1;FONTAR;;;M
9633;ANPCYT;DISEÑO Y CONSTRUCCION DE ROBOT DE ALTA VELOCIDAD PARA APLICACIÓN DE JUNTAS DE POLIURETANO EN GABINETES ELECTRICOS;2008/10/27 00:00:00.000;2010/07/23 00:00:00.000;No publicable;1;376900.0;376900.0;188400.0;188400.0;1;ANR 600 NA162/08;;1;FONTAR;;;M
9637;ANPCYT;DESARROLLO DE PLATAFORMA TECNOLÓGICA INNOVADORA EN LUMINARIA DE EMERGENCIA CON NUEVAS CARACTERÍSTICAS, APLICACIONES Y FUNCIONALIDADES. DISEÑO Y DESARROLLO DE SUS TECNOLOGÍAS DE FABRICACIÓN. PROTOTIPOS Y PLANTA PILOTO.;2008/11/19 00:00:00.000;2011/07/29 00:00:00.000;No publicable;1;595662.8;413162.8;297810.0;204460.0;1;ANR 600 NA062/08;;1;FONTAR;;;M
9647;ANPCYT;Desarrollo de Módulos de Plan de Carrera, Organigrama e Interfases con ERP;2008/12/16 00:00:00.000;2009/11/13 00:00:00.000;No publicable;1;255460.0;255460.0;127000.0;127000.0;1;ANR 600 NA108/08;;1;FONTAR;;;M
9693;ANPCYT;DIAGNOSTICO ACTIVO;2008/12/23 00:00:00.000;2010/10/08 00:00:00.000;No publicable;1;215625.0;215625.0;107200.0;98700.0;1;ANR 600 NA022/08;;1;FONTAR;;;M
9738;ANPCYT;Investigación y Desarrollo para ampliar e industrializar el uso analítico de la Resonancia Magnética;2008/12/09 00:00:00.000;2009/12/04 00:00:00.000;No publicable;1;1005709.6;907639.6;483656.0;385586.0;1;ANR 600 CO076/08;;1;FONTAR;;;M
9893;ANPCYT;DESARROLLO DE UNA HERRAMIENTA DE REVISIÓN DE CÓDIGO ABAP;2008/11/24 00:00:00.000;2010/03/05 00:00:00.000;No publicable;1;122030.0;122030.0;57056.0;57056.0;1;ANR 600 NA208/08;;1;FONTAR;;;M
9895;ANPCYT;ANÁLISIS Y DESARROLLO DE UN SOFTWARE PARA SISTEMA DE SEGUROS DE SALUD BAJO NORMAS DE CERTIFICACIÓN CMMI-2, OPERANDO EN  MODALIDAD ASP PARA EXPORTACIÓN;2008/12/18 00:00:00.000;2011/03/04 00:00:00.000;No publicable;1;639422.0;639422.0;310000.0;310000.0;1;ANR 600 NA090/08;;1;FONTAR;;;M
9933;ANPCYT;DESARROLLO E INNOVACIÓN DE TINTAS INDICADORAS PARA EL CONTROL DE PROCESOS DE ESTERILIZACIÓN.;2008/09/24 00:00:00.000;2014/04/30 00:00:00.000;No publicable;1;945913.14;945913.64;459795.0;459795.0;1;ANR 600 NA143/08;;1;FONTAR;;;M
10042;ANPCYT;Mejora del desempeño ambiental de la firma mdiante la introducción de un proceso de filtrado que permite minimizar el volumen de residuos de la producción de sulfato de aluminio y posibilita su reciclaje como materia prima para la industria de la construcción;2008/11/11 00:00:00.000;2009/10/16 00:00:00.000;No publicable;1;384180.0;310860.0;191600.0;154500.0;5;ANR PL NA005/07;;1;FONTAR;;;F
10046;ANPCYT;REINGENIERIA PARA PRODUCCION MAS LIMPIA EN EL SECTOR DE PINTURA DE MUEBLES METALICOS DE JOHNSON ACERO S.A.I.C.;2008/08/29 00:00:00.000;2009/09/11 00:00:00.000;No publicable;1;140038.0;140038.0;70019.0;70019.0;5;ANR PL SF012/07;;1;FONTAR;;;M
10052;ANPCYT;Mejora del desempeño ambiental en la elaboración del aceite de oliva;2008/08/25 00:00:00.000;2010/05/21 00:00:00.000;No publicable;1;702187.33;740803.19;300000.0;300000.0;5;ANR PL NA014/07;;1;FONTAR;;;M
10057;ANPCYT;REINGENIERÍA DEL PROCESO DE PRODUCCIÓN DE FIELTROS PARA APROVECHAMIENTO DE DESPERDICIOS Y AHORRO DE ENERGÍA;2008/11/25 00:00:00.000;2010/03/05 00:00:00.000;No publicable;1;644862.01;640362.0;300000.0;297165.64;5;ANR PL NA065/07;;1;FONTAR;;;M
10065;ANPCYT;'Mejora del desempeño ambiental y competitividad de una empresa fundidora, mediante la aplicación de producción más limpia, mejoras en su proceso productivo y desarrollo de un sistema innovador de recicIado de arena de moldeo'.;2008/12/30 00:00:00.000;2011/06/24 00:00:00.000;No publicable;1;157515.0;157515.0;74618.0;74618.0;5;ANR PL SF006/07;;1;FONTAR;;;M
10068;ANPCYT;Readaptación tecnológica y saneamiento industrial en el proceso de refinado y envasado de sal.;2008/08/26 00:00:00.000;2009/10/02 00:00:00.000;No publicable;1;566206.05;566206.0;282801.0;282801.0;5;ANR PL SF003/07;;1;FONTAR;;;S/D
10069;ANPCYT;Desarrollo de promotores biológicos de crecimiento;2008/10/28 00:00:00.000;2009/12/23 00:00:00.000;No publicable;1;907567.45;507567.45;272256.5;252219.0;5;ANR PL NA026/07;;1;FONTAR;;;M
10070;ANPCYT;Desarrollo de bio insecticidas a escala industrial;2008/11/01 00:00:00.000;2009/08/14 00:00:00.000;No publicable;1;969950.0;569950.0;292537.5;277000.0;5;ANR PL NA027/07;;1;FONTAR;;;M
10074;ANPCYT;'Diseño y construcción de un sistema de concentrado de suero e implementación de buenas prácticas para la gestión eficiente de residuos y disminución de impactos abientales';2008/09/09 00:00:00.000;2010/12/10 00:00:00.000;No publicable;1;218456.0;218456.0;108722.0;108722.0;5;ANR PL NA033/07;;1;FONTAR;;;M
10076;ANPCYT;Diseño e incorporación de nuevos procesos productivos a la fabricación de transformadores utilizando tecnología innovadora para el logro de una producción más limpia.;2008/09/03 00:00:00.000;2011/04/29 00:00:00.000;No publicable;1;464910.6;464911.5;195151.0;195151.9;5;ANR PL NA013/07;;1;FONTAR;;;M
10077;ANPCYT;Reestructuración Fabrica de Transformadores mejorando su condición ambiental y tratamiento adecuado de Máquinas con PCB's.;2008/08/26 00:00:00.000;2010/02/12 00:00:00.000;No publicable;1;184660.0;123500.0;91763.33;61749.99;5;ANR PL SJ003/07;;1;FONTAR;;;M
10080;ANPCYT;'Planta piloto para la obtención de FBRBio';2008/08/20 00:00:00.000;2013/09/06 00:00:00.000;No publicable;1;596567.18;607664.01;268878.26;268639.64;5;ANR PL NA016/07;;1;FONTAR;;;F
6140;ANPCYT;Trazabilidad Agroindustrias de Vinos y Espumantes;2008/04/14 00:00:00.000;2012/01/13 00:00:00.000;No publicable;1;172294.0;172294.0;85000.0;85000.0;1;ANR FONSOFT NA075/06;;1;FONSOFT;;;M
6573;ANPCYT;Análisis, Desarrollo e Implementación de un Software multiplataforma Multiproveedor y Comparador de Hoteles para la Industria del Turismo en General.;2008/10/31 00:00:00.000;2013/04/15 00:00:00.000;No publicable;1;399530.07;399530.07;195640.0;195640.0;1;ANR FONSOFT NA012/07;;1;FONSOFT;;;M
6606;ANPCYT;Implementación y Certificación en la norma de calidad ISO 9001:2000, abarcando la actividad de ¿Desarrollo y Mantenimiento de Software¿¿;2008/11/12 00:00:00.000;2011/05/02 00:00:00.000;No publicable;1;140381.0;140381.0;70001.0;70001.0;1;ANR FONSOFT ER001/07;;1;FONSOFT;;;M
6615;ANPCYT;CERTIFICACION ISO 9001 DEL PROCESO DE GESTION DE REQUERIMIENTOS EN LA FABRICA DE SOFTWARE;2008/10/28 00:00:00.000;2009/02/25 00:00:00.000;No publicable;1;95751.55;95751.55;45600.0;45600.0;1;ANR FONSOFT NA104/07;;1;FONSOFT;;;M
6616;ANPCYT;Sistema de Gestión Empresarial IG Global.NET.  Desarrollo e Innovación Fase I.;2008/11/26 00:00:00.000;2012/03/30 00:00:00.000;No publicable;1;400271.0;400271.0;199975.0;199975.0;1;ANR FONSOFT NA073/07;;1;FONSOFT;;;M
6673;ANPCYT;Reingeniería del sistema de factura electrónica;2008/11/05 00:00:00.000;2013/09/30 00:00:00.000;No publicable;1;175675.0;175675.0;87800.0;87800.0;1;ANR FONSOFT NA076/07;;1;FONSOFT;;;M
10903;ANPCYT;INVESTIGACION Y DESARROLLO EN NUTRICIÓN Y SANIDAD IN-OVO PARA AVES;2008/08/08 00:00:00.000;2013/01/04 00:00:00.000;No publicable;1;1319263.0;1319263.0;414696.0;414696.0;1;ANR I+D NA 029/07;;1;FONTAR;;;M
10904;ANPCYT;Ampliación de área I+D e incorporación de nanotecnología aplicada a medicamentos;2008/11/12 00:00:00.000;2013/10/11 00:00:00.000;No publicable;1;1001926.79;1001926.79;336300.0;336300.0;1;ANR I+D NA 032/07;;1;FONTAR;;;M
10906;ANPCYT;Creación de un laboratorio de investigación y desarrollo para síntesis de drogas farmacológicamente activas;2008/07/30 00:00:00.000;2012/09/14 00:00:00.000;No publicable;1;2946322.4;2780722.4;582724.0;582724.0;1;ANR I+D NA 004/07;;1;FONTAR;;;S/D
10907;ANPCYT;NUEVOS PROCESOS BIOTECNOLÓGICOS;2008/08/06 00:00:00.000;2012/12/28 00:00:00.000;No publicable;1;932700.0;932700.0;363300.0;363300.0;1;ANR I+D NA 011/07;;1;FONTAR;;;M
10916;ANPCYT;Gestióna: Desarrollo de una arquitectura avanzada sobre tecnologíoa Ajax y JSF para servicios de gestión de expedientes;2008/11/11 00:00:00.000;2010/01/22 00:00:00.000;No publicable;1;1327305.4;1327305.4;585527.0;585527.0;4;ANR IB NA 006/07;;1;FONTAR;;;M
10917;ANPCYT;Technisys S.A;2008/10/30 00:00:00.000;2009/09/11 00:00:00.000;No publicable;1;686230.9;616030.3;339852.2;307034.0;4;ANR IB NA 002/07;;1;FONTAR;;;M
12113;ANPCYT;Desarrollo de máquina ensambladora para interruptor prefit;2008/05/09 00:00:00.000;2011/02/09 00:00:00.000;No publicable;1;432518.5;432518.5;0.0;432518.5;11;CF BA 001/07;;1;FONTAR;;;M
12114;ANPCYT;Desarrollo de un Sistema de Automatización integrada para Máquinas Pulverizadoras Autopropulsadas acorde a las nuevas tendencias en electrónica, sistemas hidráulicos y eléctricos del mercado agrícola nacional e internacional.;2008/05/12 00:00:00.000;2009/10/06 00:00:00.000;No publicable;1;654451.4;654451.4;0.0;654451.4;11;CF NA 041/07;;1;FONTAR;;;M
12118;ANPCYT;ANALISIS DE GERMOPLASMA DE LAS ESPECIES FESTUCA ARUNDINACEA Y LOTUS SP- Su adaptación a nuevos ambientes y su paquete tecnológico de uso.;2008/05/09 00:00:00.000;2010/06/08 00:00:00.000;No publicable;1;550964.0;550964.0;0.0;550964.0;11;CF NA 004/07;;1;FONTAR;;;M
12119;ANPCYT;Mejoramiento genético de especies forrajeras templadas adaptadas a condiciones de suelos deprimidos;2008/05/09 00:00:00.000;2010/06/08 00:00:00.000;No publicable;1;482616.0;482616.0;0.0;482616.0;11;CF NA 005/07;;1;FONTAR;;;M
12122;ANPCYT;Ampliación y desarrollo de invernadero de última generación.;2008/08/22 00:00:00.000;2009/10/30 00:00:00.000;No publicable;1;342371.0;342371.0;0.0;342371.0;11;CF ME 003/07;;1;FONTAR;;;M
12133;ANPCYT;Investigación y Desarrollo de Equipo de Anestésico tópico por Hipotermia;2008/06/19 00:00:00.000;2012/08/01 00:00:00.000;No publicable;1;198519.5;198519.5;0.0;198519.5;11;CF BA 015/07;;1;FONTAR;;;S/D
12136;ANPCYT;Montaje de un Laboratorio para la medición que permita el Etiquetado de Eficiencia Energética de Lámparas eléctricas incandescentes y fluorescentes y la determinación de la vida útil de las lámparas.;2008/07/18 00:00:00.000;2008/11/28 00:00:00.000;No publicable;1;481133.04;481133.04;0.0;481133.04;11;CF NA 056/07;;1;FONTAR;;;M
12139;ANPCYT;Desarrollo de Nuevos productos y Reestructuración Tecnológica productiva para mejorar competitividad y aumentar la participación en el Mercado Automotriz.;2008/06/26 00:00:00.000;2009/07/16 00:00:00.000;No publicable;1;1230750.0;1230750.0;0.0;1230750.0;11;CF SF 013/07;;1;FONTAR;;;M
12140;ANPCYT;Nueva linea de llaves y tapas de luz de diseño innovador y costo altamente competitivo a nivel Internacional.;2008/06/10 00:00:00.000;2009/07/06 00:00:00.000;No publicable;1;1095491.0;1095491.0;0.0;1095491.0;11;CF NA 053/07;;1;FONTAR;;;M
12152;ANPCYT;Modernización de los procesos productivos a través de  la implementación de Tecnología de Montaje Superficial de Componentes (SMT) , para el incremento de la productividad y la capacidad innovadora de la empresa;2008/05/30 00:00:00.000;2009/10/30 00:00:00.000;No publicable;1;318339.0;318339.0;0.0;318339.0;11;CF NA 023/07;;1;FONTAR;;;M
12165;ANPCYT;Compra de Centro de mecanizado y Maquina de soldar por laser, para la mejora en la capacidad de acceso a mercados de Flexar SRL;2008/06/24 00:00:00.000;2011/09/07 00:00:00.000;No publicable;1;554944.53;554944.53;0.0;554944.53;11;CF NA 092/07;;1;FONTAR;;;M
12169;ANPCYT;Conductores eléctricos resistentes al fuego con sello U.L.;2008/06/19 00:00:00.000;2011/02/23 00:00:00.000;No publicable;1;1416873.34;1416873.34;0.0;1416873.34;11;CF NA 003/07;;1;FONTAR;;;M
12183;ANPCYT;SISTEMA INTELIGENTE PARA VIVIENDAS;2008/05/09 00:00:00.000;2009/06/04 00:00:00.000;No publicable;1;293557.34;293557.34;0.0;293557.34;11;CF NA 013/07;;1;FONTAR;;;M
12192;ANPCYT;Desarrollo y modernizacion  de procesos de terminacion de piezas, pintura y control de productos semiterminados;2008/05/30 00:00:00.000;2010/11/23 00:00:00.000;No publicable;1;758776.28;758776.28;0.0;758776.28;11;CF NA 098/07;;1;FONTAR;;;M
12194;ANPCYT;FABRICACION DE MAQUINA ENVASADORA TERMOFORMADORA CON DOBLE DECOR SERVOCONTROLADA;2008/06/04 00:00:00.000;2009/03/09 00:00:00.000;No publicable;1;544524.0;544524.0;0.0;544524.0;11;CF SF 010/07;;1;FONTAR;;;M
12195;ANPCYT;Diseño, desarrollo y fabricación de máquinas industriales extrusoras para elaboración de alimento de alto valor proteícos;2008/05/30 00:00:00.000;2009/06/24 00:00:00.000;No publicable;1;946632.4;946632.4;0.0;946632.4;11;CF NA 061/07;;1;FONTAR;;;F
12206;ANPCYT;Modernización tecnológica para la fabricación de nuevos productos y ampliación de la capacidad actual.;2008/05/30 00:00:00.000;2009/09/08 00:00:00.000;No publicable;1;1220944.0;1220944.0;0.0;1220944.0;11;CF NA 059/07;;1;FONTAR;;;M
12974;ANPCYT;Nueva linea de proceso de frutas citricas;2008/02/04 00:00:00.000;2008/04/07 00:00:00.000;No publicable;1;729600.0;729600.0;583680.0;583680.0;9;CAE I 201 FRA;;1;FONTAR;;;M
12995;ANPCYT;Incorporación tecnológica de extratores automáticos de pezoneras;2008/03/04 00:00:00.000;2008/03/04 00:00:00.000;No publicable;1;66969.79;66969.79;53575.0;53575.0;9;CAE I 230 SFE;;1;FONTAR;;;F
7233;ANPCYT;SIA (SISTEMA INTEGRAL AGROPECUARIO);2008/10/27 00:00:00.000;2011/07/22 00:00:00.000;No publicable;1;298030.0;206478.0;90025.0;90025.0;13;EMP FONSOFT NA027/07;;1;FONSOFT;;;M
7234;ANPCYT;ePD (electronic Planning Director);2008/09/23 00:00:00.000;2011/03/17 00:00:00.000;No publicable;1;195280.0;195280.0;97000.0;97000.0;13;EMP Fonsoft NA038/07;;1;FONSOFT;;;S/D
7235;ANPCYT;CRM-Gestión de relación con clientes;2008/10/01 00:00:00.000;2010/05/27 00:00:00.000;No publicable;1;105248.0;105248.0;41786.0;41786.0;13;EMP FONSOFT BA001/07;;1;FONSOFT;;;M
7240;ANPCYT;Desarrollo WEB y móvil del Sistema de Gestión Comercial, Promoción y Lanzamiento del mismo a nivel Regional;2008/10/21 00:00:00.000;2012/06/18 00:00:00.000;No publicable;1;66635.12;66635.12;28282.24;28282.24;13;EMP Fonsoft NA071/07;;1;FONSOFT;;;M
7244;ANPCYT;Desarrollo de software CRM y de administración de RRHH;2008/10/02 00:00:00.000;2011/01/13 00:00:00.000;No publicable;1;121972.0;121972.0;57800.0;57800.0;13;EMP FONSOFT CO011/07;;1;FONSOFT;;;M
7247;ANPCYT;Sistema de administración integral para la pequeña y mediana empresa, orientado a trazabilidad.;2008/08/25 00:00:00.000;2010/12/16 00:00:00.000;No publicable;1;99571.0;88076.0;48987.0;44002.0;13;EMP FONSOFT CO012/07;;1;FONSOFT;;;M
7251;ANPCYT;Sistema de Monitoreo Global;2008/10/20 00:00:00.000;2011/06/03 00:00:00.000;No publicable;1;69766.0;69766.0;34850.0;34850.0;13;EMP Fonsoft NA088/07;;1;FONSOFT;;;M
7252;ANPCYT;e-commerce para telefonía móvil;2008/10/20 00:00:00.000;2010/09/23 00:00:00.000;No publicable;1;95022.0;95022.0;45130.0;45130.0;13;EMP FONSOFT NA010/07;;1;FONSOFT;;;F
7256;ANPCYT;Sistema de Ubicación Geográfica, Información y Servicios para Turistas y Viajeros;2008/12/16 00:00:00.000;2010/06/30 00:00:00.000;No publicable;1;211060.0;173758.0;95094.0;77094.95;13;EMP Fonsoft NA079/07;;1;FONSOFT;;;M
7264;ANPCYT;ATENCION PERSONALIZADA VIRTUAL CON AUDIO EN TIEMPO REAL;2008/11/25 00:00:00.000;2011/06/17 00:00:00.000;No publicable;1;148348.0;148348.0;72117.0;72117.0;13;EMP FONSOFT NA009/07;;1;FONSOFT;;;S/D
7266;ANPCYT;Software agropecuario para una mejor gestión de la información: primeros desarrollos de una empresa en formación ('Uni-Agrosoft');2008/11/19 00:00:00.000;2011/04/14 00:00:00.000;No publicable;1;224240.0;216240.0;100000.0;96000.0;13;EMP Fonsoft NA041/07;;1;FONSOFT;;;M
7267;ANPCYT;Sistema de trazabilidad de Historias Clínicas mediante huella digital, administración centralizada de Obras Sociales y Gestión Integral  para Centros de Salud.;2008/10/22 00:00:00.000;2012/07/27 00:00:00.000;No publicable;1;200095.0;115347.54;98720.0;57396.01;13;EMP FONSOFT CO004/07;;1;FONSOFT;;;M
7278;ANPCYT;Framework de Desarrollo de Aplicaciones Web;2008/09/02 00:00:00.000;2011/03/10 00:00:00.000;No publicable;1;188800.0;188800.0;94000.0;94000.0;13;EMP FONSOFT NA059/07;;1;FONSOFT;;;M
7281;ANPCYT;Desarrollo de software para el estudio de la señal  electrocardiográfica y su graficación en doce derivaciones simultaneas, adquiridas de un electrocardiógrafo de fabricación propia.;2008/10/08 00:00:00.000;2010/10/29 00:00:00.000;No publicable;1;85080.25;85080.25;42516.25;42516.25;13;EMP FONSOFT ER002/07;;1;FONSOFT;;;M
7286;ANPCYT;AgroSIGA Sistema integrado de Gestión Georeferenciada (GIS) multiplataforma (web y mobile) para pequeños y grandes productores Agropecuarios;2008/09/22 00:00:00.000;2011/07/22 00:00:00.000;No publicable;1;198050.0;198050.0;99000.0;99000.0;13;EMP FONSOFT CO014/07;;1;FONSOFT;;;M
7289;ANPCYT;Sistema de administracion, seguimiento, control, trazabilidad de procesos existentes en una organización.;2008/11/27 00:00:00.000;2010/09/23 00:00:00.000;No publicable;1;155608.0;155608.0;77804.0;77804.0;13;EMP Fonsoft NA139/07;;1;FONSOFT;;;M
7290;ANPCYT;AgriWeb - Plataforma de gestión, comunicación, y procesamiento de servicios de análisis de datos y recomendaciones de agricultura de precisión;2008/09/12 00:00:00.000;2010/04/29 00:00:00.000;No publicable;1;103365.03;78972.65;47893.39;31662.29;13;EMP FONSOFT NA043/07;;1;FONSOFT;;;M
7291;ANPCYT;Desarrollo de extensión de código abierto para Joomla de reservas online;2008/11/04 00:00:00.000;2010/10/29 00:00:00.000;No publicable;1;183800.0;183800.0;91750.0;91750.0;13;EMP Fonsoft SF010/07;;1;FONSOFT;;;M
7293;ANPCYT;Sistema integral de servicios de imágenes panorámicas.;2008/09/11 00:00:00.000;2010/11/11 00:00:00.000;No publicable;1;223238.0;223238.0;100000.0;100000.0;13;EMP FONSOFT SF009/07;;1;FONSOFT;;;M
7294;ANPCYT;Solución ASP para administración de consultorios médicos;2008/10/22 00:00:00.000;2011/02/18 00:00:00.000;No publicable;1;154600.0;154600.0;77300.0;77300.0;13;EMP FONSOFT NA006/07;;1;FONSOFT;;;M
7296;ANPCYT;AUTOMATIZACIÓN DE SISTEMAS DE TELEVISIÓN;2008/10/27 00:00:00.000;2010/06/10 00:00:00.000;No publicable;1;201638.34;166193.7;98446.67;80726.67;13;EMP Fonsoft NA108/07;;1;FONSOFT;;;M
7297;ANPCYT;SISTEMA DOBLE DE NUMERACIÓN POR SOFTWARE PARA IMPRENTAS;2008/10/21 00:00:00.000;2010/04/29 00:00:00.000;No publicable;1;53708.0;53708.0;26340.0;23340.0;13;EMP Fonsoft NA070/07;;1;FONSOFT;;;M
7298;ANPCYT;DENTILOGIC;2008/08/27 00:00:00.000;2010/07/30 00:00:00.000;No publicable;1;93054.0;93054.0;46500.0;46500.0;13;EMP Fonsoft NA067/07;;1;FONSOFT;;;M
7305;ANPCYT;FRAMEWORK PARA EL DESARROLLO DE VIDEOJUEGOS 3D DE ULTIMA GENERACION;2008/12/18 00:00:00.000;2011/02/08 00:00:00.000;No publicable;1;253940.88;253940.88;98196.88;98196.88;13;EMP Fonsoft NA124/07;;1;FONSOFT;;;M
7313;ANPCYT;DISPOSITIVOS DE SEGURIDAD INFORMATICA CON SERVICIOS INTEGRABLES Y ESCALABLES;2008/09/22 00:00:00.000;2011/03/03 00:00:00.000;No publicable;1;187754.0;148304.0;93500.0;74000.0;13;EMP FONSOFT TU002/07;;1;FONSOFT;;;M
7314;ANPCYT;Desarrollo de Juegos Casuales Descargables;2008/08/29 00:00:00.000;2010/10/29 00:00:00.000;No publicable;1;88806.0;88806.0;40980.0;40980.0;13;EMP FONSOFT SF012/07;;1;FONSOFT;;;S/D
7319;ANPCYT;EVOSISTEMAS ERX ( ERP PARA LINUX / WINDOWS 32 BITS );2008/10/03 00:00:00.000;2012/10/22 00:00:00.000;No publicable;1;137241.0;137241.0;56171.0;56171.0;13;EMP FONSOFT NA057/07;;1;FONSOFT;;;M
7320;ANPCYT;Sistema de Gestión Integral para Centros de Turismo Invernal y Actividades Deportivas;2008/09/30 00:00:00.000;2012/11/20 00:00:00.000;No publicable;1;252648.8;252648.8;98500.0;98500.0;13;EMP FONSOFT NA049/07;;1;FONSOFT;;;M
7322;ANPCYT;Innovate;2008/11/26 00:00:00.000;2010/07/30 00:00:00.000;No publicable;1;238536.0;238536.0;96000.0;96000.0;13;EMP FONSOFT NA121/07;;1;FONSOFT;;;M
7326;ANPCYT;Cyberseg Broker, sistema de gestión compartida de seguros con transmisión propia de datos vía Web entre oficinas de productores y brokers.;2008/10/28 00:00:00.000;2011/01/13 00:00:00.000;No publicable;1;461017.0;461017.0;99808.0;99808.0;13;EMP FONSOFT NA101/07;;1;FONSOFT;;;M
7332;ANPCYT;Desarrollo de plataforma de educación y colaboración a distancia de última generación, integrada dentro de una comunidad en línea que permita conectar a través de Internet  a docentes y estudiantes de cualquier parte del mundo para complementar y enriquec;2008/08/29 00:00:00.000;2009/03/25 00:00:00.000;No publicable;1;232664.0;232664.0;99658.0;99658.0;13;EMP FONSOFT NA045/07;;1;FONSOFT;;;M
